"Year","Region","Source","Mix"
2001,"ASCC","Coal",0.0579298501693051
2001,"ASCC","Natural Gas",0.54166691190071
2001,"ASCC","Other",0.157986084587812
2001,"ASCC","Renewable",0.242417153342174
2002,"ASCC","Coal",0.100132736414548
2002,"ASCC","Natural Gas",0.486995689446796
2002,"ASCC","Other",0.160227145656346
2002,"ASCC","Renewable",0.25264442848231
2003,"ASCC","Coal",0.0749735069620826
2003,"ASCC","Natural Gas",0.526240346453085
2003,"ASCC","Other",0.138070396424948
2003,"ASCC","Renewable",0.260715750159884
2004,"ASCC","Coal",0.0994556604183884
2004,"ASCC","Natural Gas",0.55528837206301
2004,"ASCC","Other",0.114273082440893
2004,"ASCC","Renewable",0.230982885077709
2005,"ASCC","Coal",0.094974862882682
2005,"ASCC","Natural Gas",0.566459648455256
2005,"ASCC","Other",0.114972983182434
2005,"ASCC","Renewable",0.223592505479628
2006,"ASCC","Coal",0.0925522822842673
2006,"ASCC","Natural Gas",0.608261462581804
2006,"ASCC","Other",0.11464810188089
2006,"ASCC","Renewable",0.184538153253039
2007,"ASCC","Coal",0.0940291053379015
2007,"ASCC","Natural Gas",0.566972211036015
2007,"ASCC","Other",0.148062194572568
2007,"ASCC","Renewable",0.190936489053516
2008,"ASCC","Coal",0.0913247119964353
2008,"ASCC","Natural Gas",0.591562542040307
2008,"ASCC","Other",0.143219389054724
2008,"ASCC","Renewable",0.173893356908534
2009,"ASCC","Coal",0.0940878322044931
2009,"ASCC","Natural Gas",0.533768738008746
2009,"ASCC","Other",0.172613286234097
2009,"ASCC","Renewable",0.199530143552663
2010,"ASCC","Coal",0.0919559672154457
2010,"ASCC","Natural Gas",0.555791396676281
2010,"ASCC","Other",0.138800542851692
2010,"ASCC","Renewable",0.213452093256581
2011,"ASCC","Coal",0.0957782313856562
2011,"ASCC","Natural Gas",0.570017676251677
2011,"ASCC","Other",0.137619598545233
2011,"ASCC","Renewable",0.196584493817434
2012,"ASCC","Coal",0.0988640359319969
2012,"ASCC","Natural Gas",0.520479742609371
2012,"ASCC","Other",0.150169718189762
2012,"ASCC","Renewable",0.23048650326887
2013,"ASCC","Coal",0.0972277998150698
2013,"ASCC","Natural Gas",0.521430749935512
2013,"ASCC","Other",0.127430521108772
2013,"ASCC","Renewable",0.253910929140646
2014,"ASCC","Coal",0.0923538475869433
2014,"ASCC","Natural Gas",0.543911454334686
2014,"ASCC","Other",0.0737156216732169
2014,"ASCC","Renewable",0.290019076405153
2015,"ASCC","Coal",0.106462440800741
2015,"ASCC","Natural Gas",0.490034422581238
2015,"ASCC","Other",0.119063658128021
2015,"ASCC","Renewable",0.28443947849
2016,"ASCC","Coal",0.0937508353106075
2016,"ASCC","Natural Gas",0.479766949472089
2016,"ASCC","Other",0.131177816935561
2016,"ASCC","Renewable",0.295304398281742
2017,"ASCC","Coal",0.212509407339705
2017,"ASCC","Natural Gas",0.188184859384806
2017,"ASCC","Other",0.554886204253204
2017,"ASCC","Renewable",0.0444195290222853
2001,"FRCC","Coal",0.336251707782514
2001,"FRCC","Natural Gas",0.234295847546738
2001,"FRCC","Nuclear",0.173383065612881
2001,"FRCC","Other",0.244859484399501
2001,"FRCC","Renewable",0.0112098946583662
2002,"FRCC","Coal",0.306632832732878
2002,"FRCC","Natural Gas",0.3110130703802
2002,"FRCC","Nuclear",0.174096570683386
2002,"FRCC","Other",0.197568734380671
2002,"FRCC","Renewable",0.0106887918228656
2003,"FRCC","Coal",0.299583242638979
2003,"FRCC","Natural Gas",0.330564605248505
2003,"FRCC","Nuclear",0.157869061744745
2003,"FRCC","Other",0.204146758382662
2003,"FRCC","Renewable",0.00783633198510993
2004,"FRCC","Coal",0.265490546747588
2004,"FRCC","Natural Gas",0.362211183665
2004,"FRCC","Nuclear",0.15350380841341
2004,"FRCC","Other",0.204566271318051
2004,"FRCC","Renewable",0.0142281898559501
2005,"FRCC","Coal",0.261435035753477
2005,"FRCC","Natural Gas",0.387426321397496
2005,"FRCC","Nuclear",0.13741778796952
2005,"FRCC","Other",0.201683527421786
2005,"FRCC","Renewable",0.0120373274577209
2006,"FRCC","Coal",0.265574270694412
2006,"FRCC","Natural Gas",0.442671615534371
2006,"FRCC","Nuclear",0.148464359086659
2006,"FRCC","Other",0.123404190876252
2006,"FRCC","Renewable",0.0198855638083063
2007,"FRCC","Coal",0.275405897932534
2007,"FRCC","Natural Gas",0.457756716329974
2007,"FRCC","Nuclear",0.137406206171682
2007,"FRCC","Other",0.10978757063312
2007,"FRCC","Renewable",0.0196436089326902
2008,"FRCC","Coal",0.272638678488869
2008,"FRCC","Natural Gas",0.48255785507646
2008,"FRCC","Nuclear",0.153951663238299
2008,"FRCC","Other",0.0708390134993586
2008,"FRCC","Renewable",0.0200127896970135
2009,"FRCC","Coal",0.236322110068842
2009,"FRCC","Natural Gas",0.546760338651746
2009,"FRCC","Nuclear",0.13971402615966
2009,"FRCC","Other",0.0572390570160449
2009,"FRCC","Renewable",0.0199644681037077
2010,"FRCC","Coal",0.243788711520428
2010,"FRCC","Natural Gas",0.572338434275123
2010,"FRCC","Nuclear",0.109803349135607
2010,"FRCC","Other",0.0546886031289465
2010,"FRCC","Renewable",0.0193809019398954
2011,"FRCC","Coal",0.22114121707758
2011,"FRCC","Natural Gas",0.62222706044237
2011,"FRCC","Nuclear",0.10434253502178
2011,"FRCC","Other",0.0313969247597349
2011,"FRCC","Renewable",0.0208922626985351
2012,"FRCC","Coal",0.194036696098185
2012,"FRCC","Natural Gas",0.679819297778416
2012,"FRCC","Nuclear",0.0844879051473987
2012,"FRCC","Other",0.0215296912192112
2012,"FRCC","Renewable",0.0201264097567889
2013,"FRCC","Coal",0.199956436769655
2013,"FRCC","Natural Gas",0.628636383698237
2013,"FRCC","Nuclear",0.124229786442905
2013,"FRCC","Other",0.0263247018609334
2013,"FRCC","Renewable",0.020852691228269
2014,"FRCC","Coal",0.216347064595481
2014,"FRCC","Natural Gas",0.613540426598789
2014,"FRCC","Nuclear",0.126507739558315
2014,"FRCC","Other",0.0215327267923312
2014,"FRCC","Renewable",0.0220720424550841
2015,"FRCC","Coal",0.169905186364723
2015,"FRCC","Natural Gas",0.660875991739821
2015,"FRCC","Nuclear",0.124653428353415
2015,"FRCC","Other",0.0227457999025091
2015,"FRCC","Renewable",0.0218195936395318
2016,"FRCC","Coal",0.160315208543316
2016,"FRCC","Natural Gas",0.665667841078137
2016,"FRCC","Nuclear",0.127761235737944
2016,"FRCC","Other",0.0258717112091079
2016,"FRCC","Renewable",0.0203840034314945
2017,"FRCC","Coal",0.150977952799921
2017,"FRCC","Natural Gas",0.677423825566057
2017,"FRCC","Nuclear",0.127401281424368
2017,"FRCC","Other",0.0199068500732097
2017,"FRCC","Renewable",0.0242900901364446
2001,"HICC","Coal",0.153837294408902
2001,"HICC","Other",0.816983365320312
2001,"HICC","Renewable",0.0291793402707858
2002,"HICC","Coal",0.133050896594127
2002,"HICC","Other",0.844220514906691
2002,"HICC","Renewable",0.0227285884991827
2003,"HICC","Coal",0.150180258485493
2003,"HICC","Other",0.814129486623631
2003,"HICC","Renewable",0.0356902548908754
2004,"HICC","Coal",0.140579163859669
2004,"HICC","Other",0.818628265842631
2004,"HICC","Renewable",0.0407925702976991
2005,"HICC","Coal",0.14153827896727
2005,"HICC","Other",0.817572941173541
2005,"HICC","Renewable",0.0408887798591898
2006,"HICC","Coal",0.133971096994654
2006,"HICC","Other",0.802206911127644
2006,"HICC","Renewable",0.0638219918777019
2007,"HICC","Coal",0.136901369128265
2007,"HICC","Other",0.789772964619509
2007,"HICC","Renewable",0.0733256662522255
2008,"HICC","Coal",0.144825608661561
2008,"HICC","Other",0.779478955376387
2008,"HICC","Renewable",0.0756954359620518
2009,"HICC","Coal",0.136248255778564
2009,"HICC","Other",0.789506172106986
2009,"HICC","Renewable",0.0742455721144499
2010,"HICC","Coal",0.142627194007968
2010,"HICC","Other",0.781940169872633
2010,"HICC","Renewable",0.0754326361193992
2011,"HICC","Coal",0.138620168167192
2011,"HICC","Other",0.766561666668788
2011,"HICC","Renewable",0.0948181651640196
2012,"HICC","Coal",0.146843140434896
2012,"HICC","Other",0.753876180898352
2012,"HICC","Renewable",0.0992806786667514
2013,"HICC","Coal",0.136751456131408
2013,"HICC","Other",0.746032304509785
2013,"HICC","Renewable",0.117216239358808
2014,"HICC","Coal",0.148094902628964
2014,"HICC","Other",0.724522427528362
2014,"HICC","Renewable",0.127382669842674
2015,"HICC","Coal",0.127259294643067
2015,"HICC","Other",0.739225664910997
2015,"HICC","Renewable",0.133515040445936
2016,"HICC","Coal",0.149559749840179
2016,"HICC","Other",0.706805935934665
2016,"HICC","Renewable",0.143634314225156
2017,"HICC","Coal",0.164787973842374
2017,"HICC","Other",0.794797218913257
2017,"HICC","Renewable",0.0404148072443686
2001,"MRO","Coal",0.760706042420451
2001,"MRO","Natural Gas",0.0177434111250937
2001,"MRO","Nuclear",0.146590168488196
2001,"MRO","Other",0.0109856015144628
2001,"MRO","Renewable",0.0639747764517965
2002,"MRO","Coal",0.735648226199019
2002,"MRO","Natural Gas",0.0193048350931354
2002,"MRO","Nuclear",0.164196179819926
2002,"MRO","Other",0.0108005802406848
2002,"MRO","Renewable",0.0700501786472345
2003,"MRO","Coal",0.750686175708813
2003,"MRO","Natural Gas",0.0204840535956894
2003,"MRO","Nuclear",0.147140567920727
2003,"MRO","Other",0.0125711684611832
2003,"MRO","Renewable",0.0691180343135868
2004,"MRO","Coal",0.736464060494512
2004,"MRO","Natural Gas",0.0231926112078485
2004,"MRO","Nuclear",0.16142812892027
2004,"MRO","Other",0.0126351575743686
2004,"MRO","Renewable",0.0662800418030018
2005,"MRO","Coal",0.724879747869241
2005,"MRO","Natural Gas",0.0497017395160043
2005,"MRO","Nuclear",0.143640825162198
2005,"MRO","Other",0.0129331879148086
2005,"MRO","Renewable",0.0688444995377482
2006,"MRO","Coal",0.719615215372988
2006,"MRO","Natural Gas",0.0389858036200332
2006,"MRO","Nuclear",0.152195035246844
2006,"MRO","Other",0.0104213972348967
2006,"MRO","Renewable",0.0787825485252381
2007,"MRO","Coal",0.701052428964455
2007,"MRO","Natural Gas",0.0516658530606019
2007,"MRO","Nuclear",0.158355778314666
2007,"MRO","Other",0.0113340663027295
2007,"MRO","Renewable",0.0775918733575483
2008,"MRO","Coal",0.710235254262081
2008,"MRO","Natural Gas",0.0353636178271108
2008,"MRO","Nuclear",0.147768971527778
2008,"MRO","Other",0.0093566154230162
2008,"MRO","Renewable",0.0972755409600141
2009,"MRO","Coal",0.683821737565167
2009,"MRO","Natural Gas",0.0273615794780039
2009,"MRO","Nuclear",0.143323672042402
2009,"MRO","Other",0.00712440433067654
2009,"MRO","Renewable",0.13836860658375
2010,"MRO","Coal",0.652821330148556
2010,"MRO","Natural Gas",0.0326997536301101
2010,"MRO","Nuclear",0.147009580350382
2010,"MRO","Other",0.00726654602012931
2010,"MRO","Renewable",0.160202789850822
2011,"MRO","Coal",0.639343640548969
2011,"MRO","Natural Gas",0.0287590289797521
2011,"MRO","Nuclear",0.126225578902608
2011,"MRO","Other",0.00752107391228633
2011,"MRO","Renewable",0.198150677656384
2012,"MRO","Coal",0.602328595702201
2012,"MRO","Natural Gas",0.0553644759067945
2012,"MRO","Nuclear",0.118554039857765
2012,"MRO","Other",0.00647295760256286
2012,"MRO","Renewable",0.217279930930676
2013,"MRO","Coal",0.616834163447975
2013,"MRO","Natural Gas",0.0484243472503528
2013,"MRO","Nuclear",0.109762593319277
2013,"MRO","Other",0.0063105266679493
2013,"MRO","Renewable",0.218668369314446
2014,"MRO","Coal",0.601643156500797
2014,"MRO","Natural Gas",0.0388748129758464
2014,"MRO","Nuclear",0.118800920677916
2014,"MRO","Other",0.00629469251979727
2014,"MRO","Renewable",0.234386417325643
2015,"MRO","Coal",0.55933381888413
2015,"MRO","Natural Gas",0.0690385193477568
2015,"MRO","Nuclear",0.122519148852506
2015,"MRO","Other",0.00558170895130434
2015,"MRO","Renewable",0.243526803964304
2016,"MRO","Coal",0.515185428533381
2016,"MRO","Natural Gas",0.0843167561273334
2016,"MRO","Nuclear",0.125455463584655
2016,"MRO","Other",0.00557052828010686
2016,"MRO","Renewable",0.269471823474523
2017,"MRO","Coal",0.541093959918498
2017,"MRO","Natural Gas",0.0734221104740709
2017,"MRO","Nuclear",0.119825006901011
2017,"MRO","Other",0.00641193622697672
2017,"MRO","Renewable",0.259246986479443
2001,"NPCC","Coal",0.164037148835284
2001,"NPCC","Natural Gas",0.273763157511321
2001,"NPCC","Nuclear",0.286127849778166
2001,"NPCC","Other",0.148655407274143
2001,"NPCC","Renewable",0.127416436601086
2002,"NPCC","Coal",0.161247933710355
2002,"NPCC","Natural Gas",0.31419862322998
2002,"NPCC","Nuclear",0.281447387835543
2002,"NPCC","Other",0.109271046666844
2002,"NPCC","Renewable",0.133835008557277
2003,"NPCC","Coal",0.162229248774731
2003,"NPCC","Natural Gas",0.275669261858846
2003,"NPCC","Nuclear",0.286109397093444
2003,"NPCC","Other",0.14498897299528
2003,"NPCC","Renewable",0.131003119277699
2004,"NPCC","Coal",0.155765881700861
2004,"NPCC","Natural Gas",0.279674335099288
2004,"NPCC","Nuclear",0.286734051796419
2004,"NPCC","Other",0.14708838127447
2004,"NPCC","Renewable",0.130737350128962
2005,"NPCC","Coal",0.144917852348301
2005,"NPCC","Natural Gas",0.289626159860214
2005,"NPCC","Nuclear",0.273605390602642
2005,"NPCC","Other",0.152870026572315
2005,"NPCC","Renewable",0.138980570616528
2006,"NPCC","Coal",0.148189574765022
2006,"NPCC","Natural Gas",0.34601561015608
2006,"NPCC","Nuclear",0.288352512441222
2006,"NPCC","Other",0.0522139062688308
2006,"NPCC","Renewable",0.165228396368844
2007,"NPCC","Coal",0.149145444736488
2007,"NPCC","Natural Gas",0.357570176397884
2007,"NPCC","Nuclear",0.285643286630313
2007,"NPCC","Other",0.0596447001331048
2007,"NPCC","Renewable",0.14799639210221
2008,"NPCC","Coal",0.142000388316121
2008,"NPCC","Natural Gas",0.355657532703567
2008,"NPCC","Nuclear",0.29451708828926
2008,"NPCC","Other",0.0370641651111338
2008,"NPCC","Renewable",0.170760825579919
2009,"NPCC","Coal",0.10674222758852
2009,"NPCC","Natural Gas",0.364280012804876
2009,"NPCC","Nuclear",0.312850075276432
2009,"NPCC","Other",0.0283709152400897
2009,"NPCC","Renewable",0.187756769090082
2010,"NPCC","Coal",0.10374680856403
2010,"NPCC","Natural Gas",0.403323430838469
2010,"NPCC","Nuclear",0.300894981756989
2010,"NPCC","Other",0.0216868623893494
2010,"NPCC","Renewable",0.170347916451163
2011,"NPCC","Coal",0.062940954865903
2011,"NPCC","Natural Gas",0.432821749020445
2011,"NPCC","Nuclear",0.298454939997929
2011,"NPCC","Other",0.0182880168633636
2011,"NPCC","Renewable",0.187494339252359
2012,"NPCC","Coal",0.0316330948626318
2012,"NPCC","Natural Gas",0.476347709159281
2012,"NPCC","Nuclear",0.300400309794858
2012,"NPCC","Other",0.0160612017687903
2012,"NPCC","Renewable",0.175557684414438
2013,"NPCC","Coal",0.0431940449770894
2013,"NPCC","Natural Gas",0.423320386696002
2013,"NPCC","Nuclear",0.325801709772841
2013,"NPCC","Other",0.0200336841455975
2013,"NPCC","Renewable",0.18765017440847
2014,"NPCC","Coal",0.0387816064015479
2014,"NPCC","Natural Gas",0.411684348330933
2014,"NPCC","Nuclear",0.322617151607866
2014,"NPCC","Other",0.0287446746388022
2014,"NPCC","Renewable",0.198172219020852
2015,"NPCC","Coal",0.0248332747850254
2015,"NPCC","Natural Gas",0.443542773391446
2015,"NPCC","Nuclear",0.309170926017033
2015,"NPCC","Other",0.0261918223511188
2015,"NPCC","Renewable",0.196261203455377
2016,"NPCC","Coal",0.0177438191858053
2016,"NPCC","Natural Gas",0.454109851084606
2016,"NPCC","Nuclear",0.30566510666122
2016,"NPCC","Other",0.0168649692425699
2016,"NPCC","Renewable",0.205616253825798
2017,"NPCC","Coal",0.0108497676622646
2017,"NPCC","Natural Gas",0.416987449878403
2017,"NPCC","Nuclear",0.325398883268059
2017,"NPCC","Other",0.0177596540138058
2017,"NPCC","Renewable",0.229004245177467
2001,"RFC","Coal",0.648606902585109
2001,"RFC","Natural Gas",0.0473458665511069
2001,"RFC","Nuclear",0.271654647182267
2001,"RFC","Other",0.0225056640344525
2001,"RFC","Renewable",0.00988691964706535
2002,"RFC","Coal",0.650913528291805
2002,"RFC","Natural Gas",0.0599719509756478
2002,"RFC","Nuclear",0.259610483285589
2002,"RFC","Other",0.0189355387757613
2002,"RFC","Renewable",0.010568498671197
2003,"RFC","Coal",0.665118662149384
2003,"RFC","Natural Gas",0.0418447915131584
2003,"RFC","Nuclear",0.257413838870524
2003,"RFC","Other",0.0221202508017858
2003,"RFC","Renewable",0.0135024566651484
2004,"RFC","Coal",0.649300278883793
2004,"RFC","Natural Gas",0.0510322802671894
2004,"RFC","Nuclear",0.261556339628144
2004,"RFC","Other",0.0241354265734737
2004,"RFC","Renewable",0.0139756746473997
2005,"RFC","Coal",0.650949606470657
2005,"RFC","Natural Gas",0.0566308406334434
2005,"RFC","Nuclear",0.257841715344895
2005,"RFC","Other",0.0234671772792792
2005,"RFC","Renewable",0.0111106602717252
2006,"RFC","Coal",0.653027670184221
2006,"RFC","Natural Gas",0.05605820311717
2006,"RFC","Nuclear",0.261989365910247
2006,"RFC","Other",0.0130359279768337
2006,"RFC","Renewable",0.0158888328115281
2007,"RFC","Coal",0.642764214599019
2007,"RFC","Natural Gas",0.0712200819961321
2007,"RFC","Nuclear",0.259652907726065
2007,"RFC","Other",0.012743663132033
2007,"RFC","Renewable",0.0136191325467513
2008,"RFC","Coal",0.638089954951892
2008,"RFC","Natural Gas",0.0651355897332885
2008,"RFC","Nuclear",0.267468520042851
2008,"RFC","Other",0.0111496367329228
2008,"RFC","Renewable",0.0181562985390448
2009,"RFC","Coal",0.603372216519869
2009,"RFC","Natural Gas",0.0841433808940126
2009,"RFC","Nuclear",0.278752364788067
2009,"RFC","Other",0.0103457549301749
2009,"RFC","Renewable",0.0233862828678763
2010,"RFC","Coal",0.593395767115841
2010,"RFC","Natural Gas",0.100479840833565
2010,"RFC","Nuclear",0.271105448880338
2010,"RFC","Other",0.0100223768655683
2010,"RFC","Renewable",0.0249965663046875
2011,"RFC","Coal",0.557606303770759
2011,"RFC","Natural Gas",0.123642620105283
2011,"RFC","Nuclear",0.277044889700592
2011,"RFC","Other",0.0114696960707641
2011,"RFC","Renewable",0.0302364903526015
2012,"RFC","Coal",0.491123580955348
2012,"RFC","Natural Gas",0.18218207205223
2012,"RFC","Nuclear",0.283192208287578
2012,"RFC","Other",0.0117850026660524
2012,"RFC","Renewable",0.0317171360387923
2013,"RFC","Coal",0.511574866311793
2013,"RFC","Natural Gas",0.149134418826304
2013,"RFC","Nuclear",0.287902374183814
2013,"RFC","Other",0.0134735107298058
2013,"RFC","Renewable",0.0379148299482836
2014,"RFC","Coal",0.502699184800783
2014,"RFC","Natural Gas",0.156882383306765
2014,"RFC","Nuclear",0.285640983536919
2014,"RFC","Other",0.014509388548028
2014,"RFC","Renewable",0.040268059807506
2015,"RFC","Coal",0.437350850904907
2015,"RFC","Natural Gas",0.20789525717826
2015,"RFC","Nuclear",0.296242443074282
2015,"RFC","Other",0.0145067135848985
2015,"RFC","Renewable",0.0440047352576529
2016,"RFC","Coal",0.392337644013425
2016,"RFC","Natural Gas",0.250362092490302
2016,"RFC","Nuclear",0.297911373455981
2016,"RFC","Other",0.0122870724523595
2016,"RFC","Renewable",0.0471018175879322
2017,"RFC","Coal",0.391380093943138
2017,"RFC","Natural Gas",0.234004230833565
2017,"RFC","Nuclear",0.317268056668032
2017,"RFC","Other",0.0132747097025508
2017,"RFC","Renewable",0.044072908852714
2001,"SERC","Coal",0.578127270528427
2001,"SERC","Natural Gas",0.096740656473737
2001,"SERC","Nuclear",0.263841300250981
2001,"SERC","Other",0.0203635257172488
2001,"SERC","Renewable",0.040927247029606
2002,"SERC","Coal",0.55939270873779
2002,"SERC","Natural Gas",0.118431393463655
2002,"SERC","Nuclear",0.259447078654375
2002,"SERC","Other",0.0162806570298111
2002,"SERC","Renewable",0.0464481621143686
2003,"SERC","Coal",0.573943140719957
2003,"SERC","Natural Gas",0.0908653447553131
2003,"SERC","Nuclear",0.258936511805966
2003,"SERC","Other",0.0202857828246861
2003,"SERC","Renewable",0.0559692198940784
2004,"SERC","Coal",0.562059949295792
2004,"SERC","Natural Gas",0.109302694405611
2004,"SERC","Nuclear",0.254498639296108
2004,"SERC","Other",0.0226618355402596
2004,"SERC","Renewable",0.0514768814622298
2005,"SERC","Coal",0.567269082118069
2005,"SERC","Natural Gas",0.117856992388189
2005,"SERC","Nuclear",0.246948711756445
2005,"SERC","Other",0.0186636791414744
2005,"SERC","Renewable",0.0492615345958225
2006,"SERC","Coal",0.57378504633311
2006,"SERC","Natural Gas",0.12589688108846
2006,"SERC","Nuclear",0.24689568408473
2006,"SERC","Other",0.0114503345702161
2006,"SERC","Renewable",0.0419720539234835
2007,"SERC","Coal",0.565006234574154
2007,"SERC","Natural Gas",0.142319403512998
2007,"SERC","Nuclear",0.246876335170661
2007,"SERC","Other",0.0119848663835225
2007,"SERC","Renewable",0.0338131603586644
2008,"SERC","Coal",0.563928455353666
2008,"SERC","Natural Gas",0.137711132029919
2008,"SERC","Nuclear",0.251324392098453
2008,"SERC","Other",0.0105267717231171
2008,"SERC","Renewable",0.0365092487948447
2009,"SERC","Coal",0.495111941778466
2009,"SERC","Natural Gas",0.171707909529086
2009,"SERC","Nuclear",0.267563240502799
2009,"SERC","Other",0.010085109543629
2009,"SERC","Renewable",0.05553179864602
2010,"SERC","Coal",0.502236398282575
2010,"SERC","Natural Gas",0.192241128313967
2010,"SERC","Nuclear",0.249720649481674
2010,"SERC","Other",0.0101075178983101
2010,"SERC","Renewable",0.0456943060234737
2011,"SERC","Coal",0.472311172271171
2011,"SERC","Natural Gas",0.21917550115847
2011,"SERC","Nuclear",0.253417099513381
2011,"SERC","Other",0.00907851036484484
2011,"SERC","Renewable",0.046017716692134
2012,"SERC","Coal",0.405666666946017
2012,"SERC","Natural Gas",0.284622661538359
2012,"SERC","Nuclear",0.257897249633257
2012,"SERC","Other",0.00793189779726167
2012,"SERC","Renewable",0.0438815240851051
2013,"SERC","Coal",0.410543494181829
2013,"SERC","Natural Gas",0.256261382080101
2013,"SERC","Nuclear",0.261047411950838
2013,"SERC","Other",0.00887019230033045
2013,"SERC","Renewable",0.0632775194869012
2014,"SERC","Coal",0.421640105846931
2014,"SERC","Natural Gas",0.253439951815465
2014,"SERC","Nuclear",0.261536886372488
2014,"SERC","Other",0.0093930984820854
2014,"SERC","Renewable",0.0539899574830301
2015,"SERC","Coal",0.348166866653123
2015,"SERC","Natural Gas",0.323163756097624
2015,"SERC","Nuclear",0.262262245768761
2015,"SERC","Other",0.00902943599212398
2015,"SERC","Renewable",0.0573776954883676
2016,"SERC","Coal",0.323904939609119
2016,"SERC","Natural Gas",0.349858697421049
2016,"SERC","Nuclear",0.261298040709714
2016,"SERC","Other",0.00818404296478951
2016,"SERC","Renewable",0.0567542792953291
2017,"SERC","Coal",0.310664571521261
2017,"SERC","Natural Gas",0.348633358115683
2017,"SERC","Nuclear",0.269393347990314
2017,"SERC","Other",0.0068966522801639
2017,"SERC","Renewable",0.0644120700925771
2001,"SPP","Coal",0.681438820864421
2001,"SPP","Natural Gas",0.221890182146298
2001,"SPP","Nuclear",0.0559472929400995
2001,"SPP","Other",0.00771143681788621
2001,"SPP","Renewable",0.0330122672312954
2002,"SPP","Coal",0.673472114493227
2002,"SPP","Natural Gas",0.234127777530449
2002,"SPP","Nuclear",0.045540495102844
2002,"SPP","Other",0.00642226499669735
2002,"SPP","Renewable",0.0404373478767819
2003,"SPP","Coal",0.691207368389138
2003,"SPP","Natural Gas",0.227394097045909
2003,"SPP","Nuclear",0.0452303176560288
2003,"SPP","Other",0.00862956490103949
2003,"SPP","Renewable",0.0275386520078846
2004,"SPP","Coal",0.653763175575355
2004,"SPP","Natural Gas",0.242694909393735
2004,"SPP","Nuclear",0.0498151922109754
2004,"SPP","Other",0.00862411467167781
2004,"SPP","Renewable",0.0451026081482574
2005,"SPP","Coal",0.632376079835452
2005,"SPP","Natural Gas",0.271514874637575
2005,"SPP","Nuclear",0.0415719528279911
2005,"SPP","Other",0.0111374314584626
2005,"SPP","Renewable",0.0433996612405186
2006,"SPP","Coal",0.619480494921997
2006,"SPP","Natural Gas",0.297032674148953
2006,"SPP","Nuclear",0.0441387910528497
2006,"SPP","Other",0.00503931408693544
2006,"SPP","Renewable",0.0343087257892647
2007,"SPP","Coal",0.603913444691568
2007,"SPP","Natural Gas",0.286740414978473
2007,"SPP","Nuclear",0.0472856704607951
2007,"SPP","Other",0.00560886277162832
2007,"SPP","Renewable",0.056451607097535
2008,"SPP","Coal",0.596235631639214
2008,"SPP","Natural Gas",0.286642094063833
2008,"SPP","Nuclear",0.0383031336044779
2008,"SPP","Other",0.00424436378140708
2008,"SPP","Renewable",0.0745747769110676
2009,"SPP","Coal",0.580687392192527
2009,"SPP","Natural Gas",0.299093927154803
2009,"SPP","Nuclear",0.0405565818556421
2009,"SPP","Other",0.00343708986095437
2009,"SPP","Renewable",0.0762250089360731
2010,"SPP","Coal",0.567094413347383
2010,"SPP","Natural Gas",0.302290467804047
2010,"SPP","Nuclear",0.0423039128438628
2010,"SPP","Other",0.0105371815380898
2010,"SPP","Renewable",0.0777740244666182
2011,"SPP","Coal",0.574001324302562
2011,"SPP","Natural Gas",0.300924203976656
2011,"SPP","Nuclear",0.0317171483974154
2011,"SPP","Other",0.0137551354953251
2011,"SPP","Renewable",0.0796021878280421
2012,"SPP","Coal",0.524794301556412
2012,"SPP","Natural Gas",0.343048952807096
2012,"SPP","Nuclear",0.035257613193968
2012,"SPP","Other",0.0068102785591398
2012,"SPP","Renewable",0.0900888538833848
2013,"SPP","Coal",0.55205916041118
2013,"SPP","Natural Gas",0.265520188134617
2013,"SPP","Nuclear",0.0310303186562081
2013,"SPP","Other",0.0151467051299034
2013,"SPP","Renewable",0.136243627668091
2014,"SPP","Coal",0.535239019442039
2014,"SPP","Natural Gas",0.260158278068188
2014,"SPP","Nuclear",0.0377452272300448
2014,"SPP","Other",0.0177005851114717
2014,"SPP","Renewable",0.149156890148256
2015,"SPP","Coal",0.466271452690819
2015,"SPP","Natural Gas",0.301618611962876
2015,"SPP","Nuclear",0.0376516521099931
2015,"SPP","Other",0.0153566053421997
2015,"SPP","Renewable",0.179101677894112
2016,"SPP","Coal",0.404323167085911
2016,"SPP","Natural Gas",0.324790611288063
2016,"SPP","Nuclear",0.0356560587881555
2016,"SPP","Other",0.0165007353565819
2016,"SPP","Renewable",0.218729427481289
2017,"SPP","Coal",0.387620051157184
2017,"SPP","Natural Gas",0.281654459863873
2017,"SPP","Nuclear",0.0461871927598111
2017,"SPP","Other",0.015809284180104
2017,"SPP","Renewable",0.268729012039027
2001,"TRE","Coal",0.345849809776923
2001,"TRE","Natural Gas",0.504249391677301
2001,"TRE","Nuclear",0.125637249210843
2001,"TRE","Other",0.0174259265271903
2001,"TRE","Renewable",0.00683762280774202
2002,"TRE","Coal",0.349038442205067
2002,"TRE","Natural Gas",0.509552755774633
2002,"TRE","Nuclear",0.115400916993246
2002,"TRE","Other",0.0133790562187097
2002,"TRE","Renewable",0.0126288288083438
2003,"TRE","Coal",0.38393990412162
2003,"TRE","Natural Gas",0.475880619094693
2003,"TRE","Nuclear",0.111401783829318
2003,"TRE","Other",0.0172111958808674
2003,"TRE","Renewable",0.0115664970735017
2004,"TRE","Coal",0.37238169190052
2004,"TRE","Natural Gas",0.470855079545672
2004,"TRE","Nuclear",0.127983817442754
2004,"TRE","Other",0.0144192304994593
2004,"TRE","Renewable",0.0143601806115948
2005,"TRE","Coal",0.365486667542375
2005,"TRE","Natural Gas",0.48531294241367
2005,"TRE","Nuclear",0.117428143597289
2005,"TRE","Other",0.0142531487899877
2005,"TRE","Renewable",0.0175190976566783
2006,"TRE","Coal",0.35423288620552
2006,"TRE","Natural Gas",0.480967338041208
2006,"TRE","Nuclear",0.125005395586207
2006,"TRE","Other",0.0169587550842278
2006,"TRE","Renewable",0.0228356250828379
2007,"TRE","Coal",0.352689888310812
2007,"TRE","Natural Gas",0.477561311860921
2007,"TRE","Nuclear",0.122888039689554
2007,"TRE","Other",0.0147171609635037
2007,"TRE","Renewable",0.0321435991752088
2008,"TRE","Coal",0.349481762121142
2008,"TRE","Natural Gas",0.466758484327484
2008,"TRE","Nuclear",0.121813069903366
2008,"TRE","Other",0.0111950745175364
2008,"TRE","Renewable",0.0507516091304715
2009,"TRE","Coal",0.337799976589372
2009,"TRE","Natural Gas",0.461817162244049
2009,"TRE","Nuclear",0.127038987517198
2009,"TRE","Other",0.0130908031775735
2009,"TRE","Renewable",0.0602530704718071
2010,"TRE","Coal",0.35441726911949
2010,"TRE","Natural Gas",0.437224229616271
2010,"TRE","Nuclear",0.121761974974326
2010,"TRE","Other",0.0103080443520756
2010,"TRE","Renewable",0.0762884819378372
2011,"TRE","Coal",0.359459361818689
2011,"TRE","Natural Gas",0.437553376389236
2011,"TRE","Nuclear",0.110661138700805
2011,"TRE","Other",0.00936633151245194
2011,"TRE","Renewable",0.0829597915788167
2012,"TRE","Coal",0.312916258991638
2012,"TRE","Natural Gas",0.47707037686347
2012,"TRE","Nuclear",0.109562457588422
2012,"TRE","Other",0.0117749702549198
2012,"TRE","Renewable",0.0886759363015492
2013,"TRE","Coal",0.340779789887026
2013,"TRE","Natural Gas",0.448275895680109
2013,"TRE","Nuclear",0.107059457094576
2013,"TRE","Other",0.00853886093731946
2013,"TRE","Renewable",0.0953459964009699
2014,"TRE","Coal",0.334315755405545
2014,"TRE","Natural Gas",0.449304023352617
2014,"TRE","Nuclear",0.106971184929174
2014,"TRE","Other",0.00585209722733205
2014,"TRE","Renewable",0.103556939085333
2015,"TRE","Coal",0.260274502878562
2015,"TRE","Natural Gas",0.515760854580718
2015,"TRE","Nuclear",0.104920830590438
2015,"TRE","Other",0.00731750876153727
2015,"TRE","Renewable",0.111726303188745
2016,"TRE","Coal",0.262844684404984
2016,"TRE","Natural Gas",0.474024617716074
2016,"TRE","Nuclear",0.109501330382879
2016,"TRE","Other",0.00723249370602864
2016,"TRE","Renewable",0.146396873790034
2017,"TRE","Coal",0.298401692806371
2017,"TRE","Natural Gas",0.423522120599379
2017,"TRE","Nuclear",0.100074056519176
2017,"TRE","Other",0.00675644186206598
2017,"TRE","Renewable",0.171245688213008
2001,"WECC","Coal",0.361882623269447
2001,"WECC","Natural Gas",0.266433162665983
2001,"WECC","Nuclear",0.109869117717139
2001,"WECC","Other",0.0106548279362859
2001,"WECC","Renewable",0.251160268411146
2002,"WECC","Coal",0.343530865319738
2002,"WECC","Natural Gas",0.224045041241513
2002,"WECC","Nuclear",0.11420129397789
2002,"WECC","Other",0.00811583472326372
2002,"WECC","Renewable",0.310106964737595
2003,"WECC","Coal",0.353293810659814
2003,"WECC","Natural Gas",0.230675960933874
2003,"WECC","Nuclear",0.109016474316818
2003,"WECC","Other",0.00870953020208283
2003,"WECC","Renewable",0.298304223887411
2004,"WECC","Coal",0.3480003133723
2004,"WECC","Natural Gas",0.257117782230575
2004,"WECC","Nuclear",0.0990775591001181
2004,"WECC","Other",0.00960902751329073
2004,"WECC","Renewable",0.286195317783717
2005,"WECC","Coal",0.339947617962655
2005,"WECC","Natural Gas",0.257485969862281
2005,"WECC","Nuclear",0.100605771548937
2005,"WECC","Other",0.0102486260172131
2005,"WECC","Renewable",0.291712014608915
2006,"WECC","Coal",0.303669621443479
2006,"WECC","Natural Gas",0.27507678640938
2006,"WECC","Nuclear",0.0895127690912397
2006,"WECC","Other",0.00902634172354531
2006,"WECC","Renewable",0.322714481332356
2007,"WECC","Coal",0.305457704447452
2007,"WECC","Natural Gas",0.310193615584889
2007,"WECC","Nuclear",0.0956723346573768
2007,"WECC","Other",0.00849693455056386
2007,"WECC","Renewable",0.280179410759718
2008,"WECC","Coal",0.302872289346039
2008,"WECC","Natural Gas",0.317314495659644
2008,"WECC","Nuclear",0.0940626676561735
2008,"WECC","Other",0.00756593100887525
2008,"WECC","Renewable",0.278184616329268
2009,"WECC","Coal",0.292402536289021
2009,"WECC","Natural Gas",0.314754731725771
2009,"WECC","Nuclear",0.0944764362803858
2009,"WECC","Other",0.00784589794463452
2009,"WECC","Renewable",0.290520397760187
2010,"WECC","Coal",0.305094606703187
2010,"WECC","Natural Gas",0.292770196809855
2010,"WECC","Nuclear",0.100228440215912
2010,"WECC","Other",0.00747473520625091
2010,"WECC","Renewable",0.294432021064796
2011,"WECC","Coal",0.285045745515525
2011,"WECC","Natural Gas",0.231003782753347
2011,"WECC","Nuclear",0.0988345850149327
2011,"WECC","Other",0.00743466799090156
2011,"WECC","Renewable",0.377681218725294
2012,"WECC","Coal",0.269106438843601
2012,"WECC","Natural Gas",0.29575649422345
2012,"WECC","Nuclear",0.0806427589958533
2012,"WECC","Other",0.00607993957583068
2012,"WECC","Renewable",0.348414368361265
2013,"WECC","Coal",0.284982971699484
2013,"WECC","Natural Gas",0.305682644614044
2013,"WECC","Nuclear",0.077228565371192
2013,"WECC","Other",0.00559289787672913
2013,"WECC","Renewable",0.326512920438551
2014,"WECC","Coal",0.275190940155965
2014,"WECC","Natural Gas",0.301385817893749
2014,"WECC","Nuclear",0.0789479321555398
2014,"WECC","Other",0.00536783083290238
2014,"WECC","Renewable",0.339107478961843
2015,"WECC","Coal",0.259663881117706
2015,"WECC","Natural Gas",0.320958824792234
2015,"WECC","Nuclear",0.0814987493426376
2015,"WECC","Other",0.00613416087013481
2015,"WECC","Renewable",0.331744383877288
2016,"WECC","Coal",0.229266711896805
2016,"WECC","Natural Gas",0.300567670133926
2016,"WECC","Nuclear",0.0832716415110245
2016,"WECC","Other",0.00588546611938513
2016,"WECC","Renewable",0.38100851033886
2017,"WECC","Coal",0.236703250371897
2017,"WECC","Natural Gas",0.274389042635459
2017,"WECC","Nuclear",0.0818309170928347
2017,"WECC","Other",0.00583493319830216
2017,"WECC","Renewable",0.401241856701507
2001,"United States","Coal",0.511292551474884
2001,"United States","Natural Gas",0.168697463066179
2001,"United States","Nuclear",0.207504953628556
2001,"United States","Other",0.0402940835721091
2001,"United States","Renewable",0.0697201884522988
2002,"United States","Coal",0.502309005934656
2002,"United States","Natural Gas",0.177046282719741
2002,"United States","Nuclear",0.203275960273919
2002,"United States","Other",0.032871283313682
2002,"United States","Renewable",0.0849625638034008
2003,"United States","Coal",0.514837118045386
2003,"United States","Natural Gas",0.161629474235009
2003,"United States","Nuclear",0.193609357461544
2003,"United States","Other",0.036825099024168
2003,"United States","Renewable",0.0830606613376889
2004,"United States","Coal",0.500360823638949
2004,"United States","Natural Gas",0.17224838851337
2004,"United States","Nuclear",0.194781959860709
2004,"United States","Other",0.0382023177097559
2004,"United States","Renewable",0.0816260190115013
2005,"United States","Coal",0.495099906575323
2005,"United States","Natural Gas",0.186323848165971
2005,"United States","Nuclear",0.192427299306757
2005,"United States","Other",0.0384542747654592
2005,"United States","Renewable",0.0820242444599034
2006,"United States","Coal",0.479025476572085
2006,"United States","Natural Gas",0.196280185005611
2006,"United States","Nuclear",0.189450006729714
2006,"United States","Other",0.0221717355183999
2006,"United States","Renewable",0.0920651620425532
2007,"United States","Coal",0.489597476082514
2007,"United States","Natural Gas",0.217382588235184
2007,"United States","Nuclear",0.204184347038534
2007,"United States","Other",0.0231357545126117
2007,"United States","Renewable",0.0875347097323038
2008,"United States","Coal",0.502798964675846
2008,"United States","Natural Gas",0.214000235048674
2008,"United States","Nuclear",0.195536244550093
2008,"United States","Other",0.0168933900009163
2008,"United States","Renewable",0.0908547534281062
2009,"United States","Coal",0.429223717442755
2009,"United States","Natural Gas",0.225013237622684
2009,"United States","Nuclear",0.195276783510745
2009,"United States","Other",0.015032682918062
2009,"United States","Renewable",0.102047231723825
2010,"United States","Coal",0.456736089236442
2010,"United States","Natural Gas",0.243822146667307
2010,"United States","Nuclear",0.199520102511389
2010,"United States","Other",0.0150665240670082
2010,"United States","Renewable",0.103700709098924
2011,"United States","Coal",0.426357867534263
2011,"United States","Natural Gas",0.247963473406113
2011,"United States","Nuclear",0.193304264477387
2011,"United States","Other",0.013405582175026
2011,"United States","Renewable",0.123663199108359
2012,"United States","Coal",0.370208915043282
2012,"United States","Natural Gas",0.30232560488526
2012,"United States","Nuclear",0.18985029124994
2012,"United States","Other",0.0120441002464223
2012,"United States","Renewable",0.120406569127533
2013,"United States","Coal",0.387234796449636
2013,"United States","Natural Gas",0.27495660980501
2013,"United States","Nuclear",0.193242050839397
2013,"United States","Other",0.0131118044005466
2013,"United States","Renewable",0.1305656820368
2014,"United States","Coal",0.398833432331173
2014,"United States","Natural Gas",0.283248426345347
2014,"United States","Nuclear",0.201100400192862
2014,"United States","Other",0.0149181630026165
2014,"United States","Renewable",0.143492354577171
2015,"United States","Coal",0.363486839398746
2015,"United States","Natural Gas",0.354984747230044
2015,"United States","Nuclear",0.215156995382884
2015,"United States","Other",0.0143159733487125
2015,"United States","Renewable",0.140244161861074
2016,"United States","Coal",0.322908254410584
2016,"United States","Natural Gas",0.35917134278384
2016,"United States","Nuclear",0.209954814862006
2016,"United States","Other",0.0131995500501237
2016,"United States","Renewable",0.15944389773734
2017,"United States","Coal",0.315909467641632
2017,"United States","Natural Gas",0.331951766412301
2017,"United States","Nuclear",0.210592072601533
2017,"United States","Other",0.0118281395001454
2017,"United States","Renewable",0.161249061442497
2018,"FRCC","Coal",0.165622004846833
2019,"FRCC","Coal",0.132230187768219
2018,"FRCC","Natural Gas",0.673163369136391
2019,"FRCC","Natural Gas",0.698956053925649
2018,"FRCC","Nuclear",0.12999854224452
2019,"FRCC","Nuclear",0.133513980358982
2018,"FRCC","Other",0.00182891596917222
2019,"FRCC","Other",0.00178444851394801
2018,"FRCC","Renewable",0.0293871678030839
2019,"FRCC","Renewable",0.0335153294332013
2018,"MRO","Coal",0.47713205852738
2019,"MRO","Coal",0.309399377449546
2018,"MRO","Natural Gas",0.103045457630444
2019,"MRO","Natural Gas",0.354704266521642
2018,"MRO","Nuclear",0.106011083387262
2019,"MRO","Nuclear",0.176362603571318
2018,"MRO","Other",0.00260891840580358
2019,"MRO","Other",0.00951642970655061
2018,"MRO","Renewable",0.31120248204911
2019,"MRO","Renewable",0.150017322750943
2018,"NPCC","Coal",0.0267752623819596
2019,"NPCC","Coal",0.0240686076144163
2018,"NPCC","Natural Gas",0.419586743931221
2019,"NPCC","Natural Gas",0.415410211611138
2018,"NPCC","Nuclear",0.325868753783634
2019,"NPCC","Nuclear",0.31852823797717
2018,"NPCC","Other",0.00270089577459342
2019,"NPCC","Other",0.00274279268595004
2018,"NPCC","Renewable",0.225068344128592
2019,"NPCC","Renewable",0.239250150111326
2018,"RFC","Coal",0.386148717739658
2019,"RFC","Coal",0.280650017049478
2018,"RFC","Natural Gas",0.261139234083198
2019,"RFC","Natural Gas",0.319672511018311
2018,"RFC","Nuclear",0.300370371697752
2019,"RFC","Nuclear",0.34456942007925
2018,"RFC","Other",0.00158519585874621
2019,"RFC","Other",0.00124308390601999
2018,"RFC","Renewable",0.0507564806206456
2019,"RFC","Renewable",0.0538649679469408
2018,"SERC","Coal",0.307331800775009
2019,"SERC","Coal",0.232254738786109
2018,"SERC","Natural Gas",0.353627045408918
2019,"SERC","Natural Gas",0.379756688404196
2018,"SERC","Nuclear",0.284797500720219
2019,"SERC","Nuclear",0.318542373393381
2018,"SERC","Other",0.00217419162038019
2019,"SERC","Other",0.00277574624509624
2018,"SERC","Renewable",0.0520694614754739
2019,"SERC","Renewable",0.0666704531712187
2018,"SPP","Coal",0.341141048694146
2019,"SPP","Coal",0.374502650261984
2018,"SPP","Natural Gas",0.288226913880155
2019,"SPP","Natural Gas",0.244369608612913
2018,"SPP","Nuclear",0.0382941747057922
2019,"SPP","Nuclear",0.0590739790111884
2018,"SPP","Other",0.016744730964534
2019,"SPP","Other",0.00151318621494904
2018,"SPP","Renewable",0.315593131755372
2019,"SPP","Renewable",0.320540575898965
2018,"TRE","Coal",0.242761712962231
2019,"TRE","Coal",0.185419444637101
2018,"TRE","Natural Gas",0.494168592917317
2019,"TRE","Natural Gas",0.498182350768396
2018,"TRE","Nuclear",0.107183681666757
2019,"TRE","Nuclear",0.107976079658464
2018,"TRE","Other",0.0010090701706656
2019,"TRE","Other",0.0007785759841894
2018,"TRE","Renewable",0.15487694228303
2019,"TRE","Renewable",0.20764354895185
2018,"United States","Coal",0.290315643245892
2019,"United States","Coal",0.246965637556203
2018,"United States","Natural Gas",0.335040834573149
2019,"United States","Natural Gas",0.36789082623255
2018,"United States","Nuclear",0.203800000365759
2019,"United States","Nuclear",0.204927231665815
2018,"United States","Other",0.00273692866927376
2019,"United States","Other",0.00280168103461565
2018,"United States","Renewable",0.168106593145927
2019,"United States","Renewable",0.177414623510817
2018,"WECC","Coal",0.212982175825714
2019,"WECC","Coal",0.139216770660788
2018,"WECC","Natural Gas",0.281550692263768
2019,"WECC","Natural Gas",0.290324294768921
2018,"WECC","Nuclear",0.0831773564430079
2019,"WECC","Nuclear",0.100749608471742
2018,"WECC","Other",0.00149340029932352
2019,"WECC","Other",0.00138432107235317
2018,"WECC","Renewable",0.420796375168186
2019,"WECC","Renewable",0.468325005026196
